id,name,salary,code
1,Allie Blagden,8563,USD
2,Jo ann Happs,6562,USD
3,Shauna Margeram,8058,USD
4,Goldi Diboll,6441,USD
5,Ruttger Folli,7821,USD
6,Bidget Cartwight,6939,USD
7,Cynthea McCaskill,3222,USD
8,Celestyn Rielly,7675,USD
9,Daffie Honack,3583,USD
10,Sibelle Gulley,9806,CAD
11,Alika Eberts,3172,USD
12,Mayne Dabourne,5468,CAD
13,Alis Lottrington,6265,USD
14,Amble Points,6376,USD
15,Hans Bernard,4466,CAD
16,Marleen Spirritt,7525,CAD
17,Piggy Donaway,6768,USD
18,Gallard MacLure,5611,USD
19,Yetty Burles,9372,USD
20,Gardie Cockrell,4416,USD
21,Alvie Veal,6333,CAD
22,Arnold Hayward,1129,CAD
23,Hilde St. Quentin,5332,CAD
24,Nettle Spaunton,4778,USD
25,Jaquelin Tumility,2880,USD
26,Trenton Brandin,9000,USD
27,Dorrie Grote,8433,USD
28,Sharia Nuschke,8272,USD
29,Rosanna Dyers,7485,CAD
30,Imogene Venart,1079,USD
31,Maryrose Farington,1952,USD
32,Worden Mallebone,3544,USD
33,Aileen Lutas,2531,CAD
34,Cassaundra Chatelot,6310,USD
35,Bale Stimson,8121,USD
36,Sandy Cops,5183,USD
37,Kay Parsell,1926,USD
38,Padraic Swanborrow,5109,USD
39,Karola Millwater,1727,USD
40,Rafaelita Kubasek,9564,CAD
41,Betsey Elderfield,8186,USD
42,Aland Pauley,2789,USD
43,Leonora Nordass,5291,CAD
44,Gardie Pinnion,2997,USD
45,Kalli Donne,3720,CAD
46,Maynord Vasiliev,3753,INR
47,Selinda Derks,3797,CAD
48,Hal Mattheus,8466,USD
49,Verene Ivimey,5311,USD
50,Vilma Lithgow,8016,USD
51,Angel Deboo,9213,CAD
52,Billye Cardoso,4645,USD
53,Anson Grills,8523,CAD
54,Alphonso Fleis,2090,USD
55,Finlay Ginger,3579,USD
56,Beverley Sibery,7698,USD
57,Cherise Fewlass,8085,USD
58,Darice Friberg,8112,USD
59,Violante Ferry,5724,CAD
60,Kit Penchen,7511,USD
61,Morly Winsper,2989,CAD
62,Nikolos Guess,8034,USD
63,Sheelagh Babb,3896,USD
64,Sonnnie Hruska,4230,USD
65,Jereme Crudge,5796,CAD
66,Ernest Lewsie,3582,USD
67,Othilia Maunton,5598,USD
68,Hillery Klessmann,1963,USD
69,Claiborne Huxton,1218,USD
70,Alva Cotterel,9483,CAD
71,Pauly Bigadike,9330,USD
72,Sherill Blasgen,6334,CAD
73,Florencia Fettis,8715,USD
74,Birgit MacDunleavy,2439,USD
75,Harriott Bleaden,1743,USD
76,Charity Earney,4488,CAD
77,Axe Vedishchev,3891,USD
78,Wolf Jelk,5748,USD
79,Jessalin Caspell,2830,USD
80,Moria Oakton,9701,USD
81,Jesselyn Bowich,7783,USD
82,Harald Gadesby,2542,CAD
83,Penelope Jobb,4771,USD
84,Dolley Gridley,9488,USD
85,Ursola Pantling,3356,USD
86,Cristine McMeanma,2374,CAD
87,Harmonie Winterburn,1602,USD
88,Brunhilda Briscow,7859,USD
89,Sybilla Sheere,8138,CAD
90,Barnabe Tedahl,9188,CAD
91,Gorden Kenshole,1795,CAD
92,Ive Mearns,2283,USD
93,Charley Lyddy,8181,USD
94,Adriena Edeson,2787,CAD
95,Marin Franzonello,5324,CAD
96,Dru Rossi,4075,CAD
97,Renae Spensley,2741,USD
98,Edithe Bold,1858,USD
99,Jilly Bernhardi,3051,USD
100,Giuseppe Denness,1643,USD
101,Darelle Jaffrey,7297,USD
102,Pattie Grollmann,2447,CAD
103,Meghan Chichgar,9347,USD
104,Fanya Ilyinski,9375,CAD
105,Lemmy Ruxton,2519,USD
106,Doralynne McDonnell,1805,USD
107,Rosina Rosenstock,1915,USD
108,Gal Bailes,5264,USD
109,Conant Land,9989,CAD
110,Emanuel Sambell,3110,USD
111,Kinny Brangan,7589,CAD
112,Tabbie Mouatt,2227,USD
113,Cristobal Siman,3073,USD
114,Aland Abramsky,6533,USD
115,Kim Griswood,6038,USD
116,Gelya Boller,4857,CAD
117,Julita Dehn,3569,CAD
118,Alyssa Jakubovicz,1896,USD
119,Brittaney Farenden,9099,USD
120,Gae Bleeze,2431,CAD
121,Aubrie Tonge,3380,CAD
122,Ailey Murgatroyd,6351,USD
123,Hailee Dimsdale,6584,CAD
124,Frederica Herity,8453,USD
125,Vilhelmina Ashford,4129,USD
126,Tom Tumilson,4561,USD
127,Monah Petracci,9332,USD
128,Tommie Byles,2773,USD
129,Roseanna Kees,6327,CAD
130,Pierette Denes,4284,CAD
131,Timmie Hammor,8861,USD
132,Idalina Rowsell,5219,USD
133,Adela Thyng,3390,CAD
134,Gabriella Tyas,8944,USD
135,Gelya Sturges,6796,USD
136,Osbourne Gregan,5396,USD
137,Dianne Kilshall,7054,CAD
138,Stephie Wickersham,4801,USD
139,Ceciley Varlow,8434,USD
140,Lauren Rusk,6784,CAD
141,Sauveur Scholl,9044,CAD
142,Godard Cuningham,3903,USD
143,Jasmine Knapton,2018,USD
144,Carolann Cloake,5910,USD
145,Boony Sleicht,6891,USD
146,Lotty Toleman,6692,USD
147,Pauletta Cuniam,8457,USD
148,Elka Broszkiewicz,3138,USD
149,Bertina Colleymore,3018,USD
150,Frederico Goodlatt,8799,USD
151,Gallard Finden,1845,USD
152,Ford Briggs,7079,CAD
153,Vallie Woolvett,2064,USD
154,Nobie Birchner,4847,CAD
155,Rey Matczak,2267,CAD
156,Rolland Rowston,2931,USD
157,Warren Olyfat,9604,USD
158,Bobinette Raggatt,3811,CAD
159,Maggee Philpault,6877,USD
160,Booth Aspenlon,2060,CAD
161,Adria Mosson,1740,USD
162,Hans Tarrier,5021,USD
163,Haze Tregidga,1035,USD
164,Eadmund Humbert,3889,CAD
165,Sheena Hardson,1374,CAD
166,Cecilio Adamov,3806,CAD
167,Otis Bather,5581,USD
168,Jeni Jenney,3546,CAD
169,Valentine Sanney,1990,CAD
170,Trent Fifoot,2369,USD
171,Bobbette Pook,7991,USD
172,Lorette Abramowitch,6531,USD
173,Robinet Sturmey,1849,USD
174,Melvin Filyaev,3016,CAD
175,Mariette Kingswoode,6489,USD
176,Burg Signori,9879,USD
177,Donny Hounsom,3803,USD
178,Lek Penylton,4246,CAD
179,Shep Salmond,2400,USD
180,Forester Poles,8291,USD
181,Ardelle Fahey,8686,CAD
182,Rachel Barlthrop,2676,CAD
183,Cassey Dominique,9426,USD
184,Dyann Robiot,6227,CAD
185,Agata Morson,2393,USD
186,Jacquie Drinkall,5351,USD
187,Tatiania Ellwand,1577,CAD
188,Rosetta Cossans,7680,USD
189,Clarance Pelchat,4964,CAD
190,Bruis McCrae,3528,USD
191,Kelsy Haily,3487,CAD
192,Liane Heindl,9446,USD
193,Merrily Vannoort,5122,CAD
194,Ab Myner,6012,CAD
195,Kile Briar,2369,USD
196,Myrta Donner,2252,CAD
197,Gunther Gosdin,5196,CAD
198,Jessamyn Streatley,6978,CAD
199,Bernardina Cockarill,2616,CAD
200,Gusta De Vile,5187,USD
201,Rica Coull,5290,CAD
202,Douglass Eldridge,1555,USD
203,Mahala Wilacot,5611,CAD
204,Zebadiah Jaggi,2466,USD
205,Johannah Rentcome,7591,USD
206,Tamra Dimitrie,7436,USD
207,Roderic Lovie,6969,USD
208,Isidro Sleney,3080,USD
209,Rubie Postles,1614,USD
210,Shelby Gooday,7876,CAD
211,Emlyn Bettam,7782,USD
212,Anders Bruford,2481,USD
213,Broddie Lillegard,1571,CAD
214,Anabella Washington,2788,USD
215,Chrysa Curnokk,2037,USD
216,Burty Halksworth,9584,USD
217,Beitris Linley,5835,USD
218,Shirley Pymar,7552,USD
219,Gaylord Ruter,4997,CAD
220,Ashia Scarasbrick,8002,USD
221,Marius Dawidowitz,3484,USD
222,Beltran Caines,4064,CAD
223,Rudd Shales,3799,USD
224,Stacie O'Bradain,2130,CAD
225,Langston Showte,3656,USD
226,Obediah Chern,6373,USD
227,Carissa Shotbolt,8290,CAD
228,Caralie Pickthorne,4975,USD
229,Davidde Hatherall,4938,USD
230,Bette-ann Pendlington,3560,CAD
231,Brier Backson,5123,USD
232,Bing Eddowes,7685,CAD
233,Jeramie Tomczykowski,2824,USD
234,Shir Whitham,8318,USD
235,Nydia Masding,9002,CAD
236,Cristal Croughan,7813,CAD
237,Casey Brazer,1474,USD
238,Tobe Minerdo,1041,USD
239,Curr Filan,7957,CAD
240,Stillmann Baillie,7989,CAD
241,Faith Khotler,7895,USD
242,Carmita Carolan,3614,CAD
243,Isabeau Vinter,2379,USD
244,Roanne Lambart,6852,USD
245,Percival Turbard,3366,USD
246,Margie Gittins,8809,USD
247,Skippy Truder,9197,USD
248,Lucy Griston,1287,CAD
249,Anderea Kattenhorn,3576,USD
250,Arabel Sidney,3019,USD
251,Baxie Windus,6591,USD
252,Kenna Leyborne,2288,CAD
253,Dotty Artis,4068,CAD
254,Rance Spaunton,7849,CAD
255,Keelia Scopham,4638,CAD
256,Leda Bendan,7887,USD
257,Shepherd Pavett,2281,USD
258,Marv Geraldini,7205,CAD
259,Sheela Probat,1065,CAD
260,Lorna Radden,8776,USD
261,Ferdinand Case,6059,USD
262,Opal Ply,1162,USD
263,Palm Toffolo,5155,USD
264,Dannie Walicki,4200,CAD
265,Lenna Mattacks,2070,USD
266,Kirstin Stennett,9460,CAD
267,Robinet Kanwell,1627,CAD
268,Jameson Bernaert,2975,CAD
269,Kristin Cherrington,5179,CAD
270,Isiahi Philippart,8883,USD
271,Gris Micheli,5582,CAD
272,Elton Redgrave,8504,CAD
273,Marco Pirrie,1389,USD
274,Gerrilee Whittall,7427,CAD
275,Marchelle Bartak,2969,CAD
276,Gregorius Comello,6031,USD
277,Osborn Banisch,2910,USD
278,Licha Waddoups,2088,CAD
279,Athene Brotherick,4000,CAD
280,Sim Hellard,1019,USD
281,Shirley Birdsall,2080,USD
282,Ugo Catherick,9308,USD
283,Berget Jaulme,1506,USD
284,Kelci Kalinsky,8717,CAD
285,Hamel Stollsteimer,5511,CAD
286,Melamie Gavrielli,5514,CAD
287,Lucinda Clackson,5966,CAD
288,Somerset Pandya,1985,USD
289,Karlik Timmons,6588,CAD
290,Foss Pile,3209,CAD
291,Roley Burgwin,3171,CAD
292,Kermie Southey,8514,USD
293,Jillian Ormes,1270,USD
294,Hart Tebbe,1625,CAD
295,Kayla Keating,7134,CAD
296,Darn Wintour,3851,USD
297,Dedra Gilks,6111,USD
298,Edithe Whitney,1313,CAD
299,Ronna Murrigan,1410,CAD
300,Alberto Fowler,6382,USD
301,Tori De Michele,7622,CAD
302,Ahmad Haseman,5982,CAD
303,Ruthanne Thomelin,6137,USD
304,Orazio Lile,5740,USD
305,Benni Bartomieu,6370,USD
306,Lindsay Kaines,4594,USD
307,Belle Donaho,2796,USD
308,Cliff Muddle,4916,CAD
309,Kennedy Daw,9951,CAD
310,Benoit Pilmore,1073,USD
311,Penelopa Farrans,7702,USD
312,Robert Gurnett,4633,USD
313,Korney Scanlon,9711,USD
314,Ransell Farland,9668,USD
315,Almeda Startin,2608,USD
316,Benjamen Smart,9914,USD
317,Zulema Bourgaize,6243,CAD
318,Silvain Shernock,6896,USD
319,Flem Pierson,3365,USD
320,Silas Corey,8078,CAD
321,Celia Blundell,4481,USD
322,Emmalee Nattrass,7714,CAD
323,Stacia Dudill,3155,CAD
324,Kennie Rait,9508,CAD
325,Vivienne Gowling,7008,USD
326,Bartlet Selwyne,3511,CAD
327,Nanine Adair,5456,USD
328,Debby Gilmour,5403,CAD
329,Muhammad Fountain,3853,USD
330,Eadie Greensmith,5611,USD
331,Lois Shorland,4973,USD
332,Amabelle Lokier,2288,USD
333,Genni Winpenny,4205,USD
334,Lexie De Andisie,5501,CAD
335,Diarmid Olive,5709,CAD
336,Husain Bergstram,4254,CAD
337,Farrand Spriggin,8621,USD
338,Nettie Hollyer,2337,USD
339,Ronnie Gedney,2131,USD
340,Elyse Zanicchi,7506,USD
341,Nichole Dragge,6105,USD
342,Morgen Coombs,9687,USD
343,Neala Kays,3137,USD
344,Gnni Sherbrook,3603,USD
345,Tabby Kitchen,4437,USD
346,Jerrilee Skally,7768,CAD
347,Anson Tomankowski,1411,USD
348,Samaria Schole,5084,USD
349,Caitrin Nathon,6257,USD
350,Ezekiel Urch,6562,USD
351,Jock Edginton,9256,USD
352,Constantin Bourley,4676,USD
353,Rickie Gainsboro,6166,USD
354,Elsi Goodrich,4270,USD
355,Bebe L'Hommeau,5756,CAD
356,Jamal Lemmen,2880,USD
357,Saraann Hallett,3056,CAD
358,Forster Wretham,6494,USD
359,Nick Gronous,6061,CAD
360,Keelia Aspray,1224,USD
361,Shayna Paladini,8953,CAD
362,Velvet Gipson,4605,USD
363,Remy Belvard,6200,CAD
364,Alexia Maron,7621,USD
365,Clive Wingrove,1491,USD
366,Salomo Goodsir,3890,USD
367,Rosamond Borkett,6420,USD
368,Emanuel Biswell,1322,USD
369,Jacynth Chettle,4355,CAD
370,Jarrett Hanscombe,7440,USD
371,Mathias Becarra,4281,CAD
372,Erastus Manssuer,8386,USD
373,Krysta Buckbee,8496,USD
374,Malva Smieton,8070,CAD
375,Kincaid McConaghy,6504,USD
376,Bogey Mithan,5958,USD
377,Hillery Sirmond,9837,USD
378,Georgianne Heinsius,7072,USD
379,Hall Petrasek,4152,USD
380,Francene Helwig,8784,CAD
381,Ailey Prinnett,9668,USD
382,Gerri Ganny,7282,USD
383,Carroll Agott,7335,CAD
384,Aprilette Danit,1765,CAD
385,Ottilie Franzonello,3721,CAD
386,Almira Burgill,7668,USD
387,Cati Korpolak,3208,CAD
388,Rog Baldacco,1752,INR
389,Gaspar Mulvy,4614,CAD
390,Carolann Comins,9154,USD
391,Corenda Moohan,5877,CAD
392,Arch Fenemore,8685,USD
393,Moishe Burris,8041,CAD
394,Rogerio Lendon,5314,CAD
395,Aluino Crimes,7369,CAD
396,Ethelbert Dorsey,7117,CAD
397,Ainslee Horrigan,8000,USD
398,Duffie Fike,7369,USD
399,Genovera Varren,4064,CAD
400,Sayres Walkley,2874,USD
401,Waylon Merryweather,2900,USD
402,Vanda Pablo,7008,CAD
403,Giovanni Aitcheson,5090,USD
404,Olivie O'Hern,9401,USD
405,Nickie Jacques,5292,USD
406,Tommie Teaze,1236,CAD
407,Tillie Burhouse,7905,CAD
408,Edward Filkov,6079,CAD
409,Papagena Lightwing,1671,USD
410,Heather Keam,8556,CAD
411,Trueman Conneau,1825,USD
412,Kittie Maine,1637,CAD
413,Rex Cockran,9826,CAD
414,Mable Isakovitch,5644,CAD
415,Zora Dyne,1269,CAD
416,Emlen Grave,7913,USD
417,Livvyy Aldgate,9374,CAD
418,Fae Althrop,9676,CAD
419,Karleen Guilleton,5283,USD
420,Anabella Anglim,7611,CAD
421,Conway McInally,8976,USD
422,Vern Kelling,6797,USD
423,Dyanna Dobby,6774,CAD
424,Rhianna Sandland,5792,USD
425,Nicol Enderlein,8313,USD
426,Ax Slyne,8230,USD
427,Gardiner Welden,6396,USD
428,Shepperd Becket,7952,USD
429,Eolande Sleite,5084,USD
430,Angelita Hargess,3199,CAD
431,Reube Raddon,3101,CAD
432,Andria Gooderson,8072,CAD
433,Catherin McMeekan,2559,USD
434,Kristos O'Geaney,1267,CAD
435,Lucy Badland,4702,CAD
436,Fancy I'anson,3757,CAD
437,Ellsworth Featherston,9362,USD
438,Dulciana Edmenson,1024,CAD
439,Corrine MacFadin,9681,CAD
440,Vassily Giraldo,2622,USD
441,Ilene Blabber,9661,USD
442,Tadio Radin,9855,CAD
443,Torrance Huguet,4751,CAD
444,Tabatha Guy,1945,USD
445,Abbey Marley,6614,USD
446,Davie Jurasek,3924,CAD
447,Amby Bruhnke,5628,CAD
448,Kara-lynn Baddam,9624,USD
449,Othilie Leipold,5282,USD
450,Clarisse MacRury,6937,USD
451,Trumaine Pruvost,6477,USD
452,Aurel Buxcey,9961,USD
453,Rab Gonzalez,2508,USD
454,Monroe Andrichuk,1464,CAD
455,Noby Delgado,6884,USD
456,Brooks Lingner,3426,USD
457,Clim Wealleans,8061,CAD
458,Lorrin Broadist,9131,USD
459,Clarinda O'Hallihane,4005,USD
460,Astrid Marfe,2619,USD
461,Waldemar Molloy,8602,USD
462,Chelsie Capitano,5972,USD
463,Reynold McIllroy,3251,USD
464,Lauritz Wildsmith,2290,CAD
465,Lethia Runge,5687,CAD
466,Cirilo Rogeon,1131,CAD
467,Jarred Maddick,8978,CAD
468,Aksel Lenz,5080,CAD
469,Antonino Hynde,3359,USD
470,Donica Springham,6919,USD
471,Ethyl Jonin,2506,USD
472,Elnore Beney,8205,CAD
473,Karie Semon,6928,USD
474,Fionnula Boldry,8736,USD
475,Alaine Esbrook,9391,USD
476,Bethina Braxton,5542,CAD
477,Darryl De Freyne,9663,USD
478,Leoline Curtiss,6004,USD
479,Dierdre Alenichicov,6393,CAD
480,Josephine Treven,6063,USD
481,Kimberley Hallett,8111,CAD
482,Marigold Savine,9267,USD
483,Fanny Amyes,2088,CAD
484,Wenona Kaines,2089,USD
485,Sonia Lebbon,4493,CAD
486,Gare Tolworth,6996,USD
487,Jazmin Cuppleditch,1514,CAD
488,Kevyn Berthelmot,7277,USD
489,Adaline Abram,6870,CAD
490,Foster Collaton,4019,CAD
491,Hanson Starr,2242,USD
492,Jason Baldoni,4147,CAD
493,Maurizio Briggdale,9141,USD
494,Massimiliano Oakenfield,2029,USD
495,Jody Oggers,8607,USD
496,Letizia Reidshaw,8461,CAD
497,Edy Corlett,7078,CAD
498,Hollyanne Vasile,4905,USD
499,Jorie Grinvalds,7299,USD
500,Clarissa Shambroke,2870,USD
501,Paulie Wardington,1544,USD
502,Claiborn Hewins,7099,USD
503,Care Coppledike,3093,USD
504,Falito Giovannardi,2983,USD
505,Andriana Krink,5228,USD
506,Etan Coombe,6446,USD
507,Lucretia Anten,1131,CAD
508,Lulita Earl,9950,USD
509,Bernhard Tuson,9591,USD
510,Clint MacTrustey,9477,USD
511,Sholom Colum,3320,CAD
512,Sarena Philipson,3361,CAD
513,Benito Sadlier,8422,USD
514,Chalmers Hugues,5590,CAD
515,Ben De Gogay,1478,CAD
516,Chaim Sparks,7177,CAD
517,Skippie Boothebie,3228,CAD
518,Isak Ford,9812,CAD
519,Jarvis Coils,9502,CAD
520,Kelsey Lewis,6673,USD
521,Cynthea Semple,4509,USD
522,Amitie Degoey,6785,USD
523,Powell Liger,1172,CAD
524,Brooks Perton,1865,USD
525,Trista Bates,4209,USD
526,Alphonso Collymore,8952,USD
527,Sumner Blazewski,2223,CAD
528,Bertine Lanney,3463,USD
529,Jonah Fredi,9742,USD
530,Jennee Haffenden,3729,CAD
531,Leilah Leathart,8537,USD
532,Gerek Schult,4648,USD
533,Berke McGuirk,3299,USD
534,Jeralee Woollard,8695,CAD
535,Lanita Kippen,2312,USD
536,Anatola Lehrer,9177,USD
537,Burty Ainsbury,7119,USD
538,Irena Stuckford,1790,USD
539,Flemming McClune,4671,USD
540,Cortie Caro,7649,CAD
541,Gabriello Coulthart,3265,USD
542,Syman Lafuente,9407,USD
543,Codee Eadmeads,4344,USD
544,Pamelina Fitzgerald,5927,CAD
545,Drusy Rubke,3158,USD
546,Hobie Capineer,4248,USD
547,Buck Daens,4474,USD
548,Bambie McLardie,9255,USD
549,Humphrey Wix,1497,USD
550,Bradan MacGillreich,5551,USD
551,Adoree Sinkings,4410,USD
552,Zuzana Annott,7524,USD
553,Kareem Cawood,9154,CAD
554,Clare Pennaman,6385,CAD
555,Magdalen Gibbon,8090,USD
556,Liane Konerding,5167,USD
557,Gertrud McPhilip,5476,USD
558,Hermie Clutterham,4922,USD
559,Coretta Cejka,3584,USD
560,Genni De Gregoli,8011,USD
561,Linet Rannie,2859,CAD
562,Eugenie Garretson,4915,USD
563,Jeremias Geater,7132,USD
564,Koral Norman,4553,CAD
565,Deck Mully,3295,CAD
566,Aigneis Wiggans,5791,CAD
567,Van Bertelsen,1479,CAD
568,Hiram Prahm,9632,USD
569,Wendie Hardan,9518,CAD
570,Barb Iliffe,1051,USD
571,Buck Steanyng,7189,USD
572,Thomasa Dienes,8171,CAD
573,Camala Ellwood,9561,CAD
574,Izabel Tie,9952,CAD
575,Mohandis Seeman,1424,CAD
576,Germain Oty,3424,CAD
577,Imelda Ezzle,9559,CAD
578,Bobina Bagnal,6067,USD
579,Andrei Metheringham,1068,CAD
580,Timmie Broome,1507,CAD
581,Elmo Noone,3037,USD
582,Allister Ciementini,9813,USD
583,Linette Dingivan,7122,USD
584,Juanita Welman,9647,CAD
585,Gwendolyn Sturney,4943,CAD
586,Gibbie Simmins,6459,USD
587,Frederica Ward,3566,CAD
588,Kenyon Cosgrave,5891,CAD
589,Elijah Sprowle,5747,USD
590,Benjie Adamsky,2571,CAD
591,Maurine Marians,3074,USD
592,Quintin Moffatt,1492,CAD
593,Tiffany Foucard,9422,USD
594,Adria Arnall,4878,CAD
595,Abbey Baber,7556,CAD
596,Clim Foale,2381,USD
597,Vannie Beadle,8743,USD
598,Moishe Yatman,4374,CAD
599,Mayne Spurrier,6851,USD
600,Cissy Dewer,9970,CAD
601,Kermy Patters,3343,USD
602,Mickie Bellin,9090,USD
603,Adrian Havelin,8913,CAD
604,Jamie Woollard,4480,USD
605,Pepi Klimkovich,8877,USD
606,Skip Croome,6673,USD
607,Dag Doodney,1791,CAD
608,Corene Channon,1825,USD
609,Briggs Blamires,2097,CAD
610,Shirline Lorryman,1045,CAD
611,Gerardo Wavish,8544,USD
612,Gilligan Yeoland,8382,USD
613,Delphinia Abba,6677,CAD
614,Colline Ling,3531,CAD
615,Renato Daniels,9121,CAD
616,Ally Blackaller,9752,USD
617,Gamaliel Boundy,1416,USD
618,Cletus Draycott,7719,USD
619,Linea Darwent,1491,USD
620,Nicole Treneer,1726,CAD
621,Goddart Bassilashvili,4126,CAD
622,Jabez Budleigh,7649,USD
623,Rebe Vannozzii,5038,CAD
624,Cilka Grunwald,3194,USD
625,Aundrea Canas,1231,USD
626,Blake Heinsh,5364,USD
627,Jayne Carnelley,2055,USD
628,Allayne Odgaard,9778,USD
629,Carlin Freen,4146,CAD
630,Nowell Paprotny,5939,USD
631,Neale Connell,6407,USD
632,Janifer Redgrave,7347,USD
633,Casie Murrigan,5037,USD
634,Cyndia Domelaw,7579,USD
635,Codie Crutcher,5400,USD
636,Maureen MacGillespie,4755,CAD
637,Anatollo Chicco,4810,CAD
638,Gisele Ancliff,9884,USD
639,Fancie Blabey,8907,CAD
640,Viv Vercruysse,1008,CAD
641,Annecorinne Matthiesen,9180,USD
642,Tedra Pattini,9657,USD
643,Osborn Weldrick,3322,USD
644,Dynah Akeherst,4179,USD
645,Tull Bagworth,9694,CAD
646,Maribeth Rushe,1993,USD
647,Carmelle Burles,4587,USD
648,Fairleigh Heineking,1330,USD
649,Rowney Parlor,4503,CAD
650,Isaiah Dungate,2746,CAD
651,Allx Jenson,7818,USD
652,Royall Gartside,8264,USD
653,Justina Franciotti,4959,USD
654,Wiatt Warke,4651,USD
655,Karlis McSweeney,9186,CAD
656,Benedicta Graybeal,4171,USD
657,Sumner Goldes,5601,USD
658,Cully Roark,1702,USD
659,Lidia Caltun,5298,USD
660,Cherilynn Bather,2674,CAD
661,Di Shevlan,3890,USD
662,Anna-diana Haukey,4924,USD
663,Agata Kunze,9543,USD
664,Koenraad Mattioni,8343,USD
665,Marcelo Peartree,5902,CAD
666,Helaine Charrette,9455,CAD
667,Annaliese Rapelli,7284,USD
668,Shaun Plover,8756,USD
669,Marion Jills,2458,CAD
670,Pall Tankin,4646,USD
671,Barris Dunnett,9721,USD
672,Allison Leinster,7478,USD
673,Shalne Sotworth,4296,USD
674,Gaby Proback,9403,USD
675,Isaiah Ornillos,7189,USD
676,Sebastian Jagiela,5183,CAD
677,Buddie Forlong,1638,USD
678,Emilia Pelos,7457,USD
679,Kincaid Quarmby,3287,CAD
680,Gene Cicetti,4706,USD
681,Garek McVey,1130,CAD
682,Maible Klossmann,3599,USD
683,Loralyn Abethell,6900,USD
684,Linnie Macrae,3726,CAD
685,Elayne Luis,6749,USD
686,Maitilde Esslement,5786,USD
687,Adolpho Garstan,8914,USD
688,Fancy Renard,3169,CAD
689,Saxe Bruyett,6354,CAD
690,Claudina Gallemore,5217,CAD
691,Emmey Studman,2585,USD
692,Julie Danforth,3026,USD
693,Colin Toovey,4767,USD
694,Selma Knuckles,3413,USD
695,Salomon Adamo,4420,USD
696,Darcy Collard,3245,USD
697,Gwen Conachy,4415,USD
698,Del Maccrie,5469,USD
699,Jacquelyn Champerlen,9244,USD
700,Jemie Waterstone,5116,USD
701,Katee Dearsley,8230,USD
702,Di Lightowler,1271,USD
703,Reta Gosnold,8149,CAD
704,Matthiew McIntosh,6585,CAD
705,Dasi Wrought,9199,USD
706,Josie Woodsford,2214,USD
707,Chloe Collumbine,1215,CAD
708,Nate Reaney,5758,USD
709,Steven Buttler,9148,USD
710,Dyane Brickell,1732,USD
711,Ab Denniss,3336,CAD
712,Lynnet Perone,7706,CAD
713,Lyell Jorcke,5075,CAD
714,Blythe Hencke,3637,CAD
715,Vinnie Bogie,7194,USD
716,Gerek Tembey,2553,CAD
717,Felicle Dowrey,1080,CAD
718,Gertrude Pilsbury,2179,USD
719,Lucine Cottier,1279,USD
720,Kelvin Slott,5696,CAD
721,Stacie Atwater,2000,CAD
722,Alard Purbrick,2452,USD
723,Jean Nicely,4543,USD
724,Arturo Isgate,1329,USD
725,Talya Le Prevost,5347,USD
726,Tait MacShane,4601,CAD
727,Lilllie McMahon,3196,USD
728,Asia Baike,8774,CAD
729,Faina Scyone,3156,CAD
730,Cariotta Filan,4838,CAD
731,Steve Lantaph,1106,USD
732,Anna Kmietsch,4217,USD
733,Emmerich Shelliday,9238,USD
734,Vincent Flather,7144,USD
735,Claiborne Rubinsaft,9492,CAD
736,Ginni Trinbey,7860,CAD
737,Malia Tomaszynski,8913,USD
738,Giorgio Stoppard,5992,USD
739,Georgie Le Noire,1032,USD
740,Corrine Handes,7180,USD
741,Maryjane Keasley,7666,USD
742,Carley Blucher,8358,USD
743,Garwood Popescu,9977,USD
744,Katuscha Saiz,5882,USD
745,Gian Coutts,5781,USD
746,Beniamino Wessing,4963,CAD
747,Netti O'Luney,7116,USD
748,Herc Ruckledge,4090,CAD
749,Shea Morfey,7461,USD
750,Cornell Parkey,5009,USD
751,Imogen Benza,6319,CAD
752,Charissa Surmeyers,4702,INR
753,Debra Prendeville,2464,USD
754,Jedd Titta,9089,USD
755,Lynna Vernau,4837,CAD
756,Eachelle De Bischop,3512,USD
757,Reinaldos Atlee,8936,USD
758,Cleo Klich,5566,USD
759,Nettle Petracek,5692,USD
760,Fiona Risman,5523,USD
761,Luis Puller,8666,USD
762,Viv Lennie,2105,CAD
763,Lyndell Baptie,5345,CAD
764,Imojean Whitley,3842,USD
765,Yoko Whitehair,1421,CAD
766,Katalin Winnister,4597,USD
767,Dolf Rumke,2223,USD
768,Colette Biddlecombe,2303,USD
769,Chauncey Buddles,6351,USD
770,Dehlia O' Donohue,9049,USD
771,Brittney Sherer,7128,CAD
772,Lelia Damerell,6215,CAD
773,Gwenora Norquoy,6690,USD
774,Corinne Poon,4058,USD
775,Gasparo LAbbet,4573,USD
776,Emlen Benner,7522,USD
777,Cora Kidgell,8580,USD
778,Davie Isac,7018,USD
779,Marcella Asipenko,2738,USD
780,Jacquenette Scoullar,3402,USD
781,Jerald Beecroft,5242,USD
782,Shel MacKee,4516,USD
783,Hunfredo Rugg,9287,USD
784,Alysa Tweede,5197,USD
785,Alexei Greendale,4909,USD
786,Petronille Whittingham,2798,USD
787,Garvin Veel,6244,USD
788,Reinold Werndley,9514,CAD
789,Joby Gutcher,5369,USD
790,Dulcy O'Driscoll,6856,USD
791,Genny Pudner,9247,USD
792,Tiffi McHardy,6379,CAD
793,Nilson Cranshaw,6742,USD
794,Lynnette Stanyforth,7250,USD
795,Merrill Sawday,8386,USD
796,Rina Keming,8854,USD
797,Amil Woller,7801,USD
798,Willow Whichelow,7773,CAD
799,Nananne Curror,5785,USD
800,Holmes Bagenal,2443,CAD
801,Erin Sewart,2376,USD
802,Cami O'Downe,9069,USD
803,Merrick McMillan,1755,CAD
804,Kenna Tomkinson,7989,USD
805,Maxwell Ardley,5933,CAD
806,Bobbie Mansell,9756,CAD
807,Romona Cathrae,6948,USD
808,Carmelia MacCafferky,7699,CAD
809,Yuma Dotson,6404,USD
810,Eva Baal,9552,USD
811,Quintilla Wharmby,1333,USD
812,Tarrah Nuzzi,4533,CAD
813,Gertrud McGhie,2538,CAD
814,Lindsey Birdwhistell,9383,USD
815,Tess Bratt,9938,CAD
816,Willow Naris,2279,USD
817,Broddy Bartolomivis,7338,CAD
818,Cristine Pim,3745,USD
819,Lorette Roches,5031,USD
820,Sinclair Juris,7303,USD
821,Codi Clelle,6465,CAD
822,Laurice Schiersch,2948,CAD
823,Corliss Strowthers,2305,USD
824,Venus Blindt,8527,USD
825,Hi Belf,3975,USD
826,Christen Jaggi,6771,CAD
827,Neville Rozycki,3660,USD
828,Myron Petrulis,6445,USD
829,Gregorio Loraine,5274,CAD
830,Kaitlin Eddins,6238,USD
831,Vivyan Weatherhogg,7413,USD
832,Westleigh Leethem,5083,USD
833,Kahaleel Sigsworth,2082,USD
834,Benoit Ormston,4455,CAD
835,Darcy Mifflin,4442,CAD
836,Warden Rockey,1390,CAD
837,Nancie Gethen,5682,CAD
838,Rozele Seppey,8893,USD
839,Abagael Purbrick,4768,CAD
840,Coleman Lippo,2381,USD
841,Rosetta Brizell,1645,CAD
842,Felicdad Bowlesworth,2135,USD
843,Gerek Spray,6103,USD
844,Rochester Pearcy,3748,USD
845,Yovonnda Ginnell,6598,USD
846,Milly Dayes,6022,CAD
847,Loella Sharvell,7348,USD
848,Ailey Stretton,6674,USD
849,Alexia Imesson,5714,CAD
850,Enrique Cobleigh,2683,CAD
851,Durward Harrap,9979,USD
852,Jobey Romagosa,6492,CAD
853,Dom Halgarth,8961,USD
854,Franciskus Dealtry,1269,CAD
855,Emera Gerrish,2490,USD
856,Archaimbaud Maceur,2312,USD
857,Georas Goodding,1296,CAD
858,Pippy Ruppel,5493,USD
859,Aurlie Symcox,7716,CAD
860,Jefferson Jendrich,4266,USD
861,Kitty Draycott,7479,USD
862,Sephira Preddy,9512,USD
863,Deina Letixier,5559,CAD
864,Lusa Bethel,7875,CAD
865,Shell Forcade,2914,USD
866,Filmore Stigers,7824,CAD
867,Cacilia Lappine,1065,CAD
868,Sidonia Branwhite,7034,USD
869,Aldrich Calbert,7287,USD
870,Rona Starkey,6834,USD
871,Clarinda Dumberrill,5524,CAD
872,Brigit Raund,7446,USD
873,Zilvia France,5197,USD
874,Damon Heinritz,8203,CAD
875,Lesli Ordish,1120,CAD
876,Heather Mougeot,5365,USD
877,Lark Lankham,2743,USD
878,Danni Moncrieffe,7834,USD
879,Ollie Rounsefull,2285,USD
880,Mario Batt,2121,USD
881,Emmye Doctor,1798,USD
882,Warden Points,4968,CAD
883,Abbey Asmus,2385,CAD
884,Percival Burles,5737,CAD
885,Dick Bernhardt,2894,USD
886,Shurwood Exposito,4199,USD
887,Federica Middleditch,9614,USD
888,Muriel Choffin,4825,USD
889,Dara Adicot,2215,USD
890,Nike Barrack,2856,CAD
891,Kellyann Twinn,6301,CAD
892,Em Patmore,2662,USD
893,Lonnard Durston,1146,CAD
894,Catina Brinsford,8439,USD
895,Codi Whithalgh,2555,USD
896,Rachelle Soldan,2682,CAD
897,Tessa Jarlmann,6784,USD
898,Dix Huntall,4065,USD
899,Harlene Rookledge,3433,USD
900,Ruperta Sperski,3747,CAD
901,Mignonne Ucceli,4808,CAD
902,Cecelia McNeillie,8310,USD
903,Kevina Fritschel,9467,CAD
904,Harv Soreau,5620,CAD
905,Edouard Bastick,5964,CAD
906,Coletta Titmuss,4705,USD
907,Brandise Weight,4315,CAD
908,Norah Gossart,1932,CAD
909,Alica Belford,2024,CAD
910,Rafe Dellenbach,8250,USD
911,Kale Dodworth,6247,USD
912,Gillian Pitone,6343,USD
913,Robin Sainsbury,3496,CAD
914,Marve Crich,4527,USD
915,Katya Linthead,1446,CAD
916,Korie Borell,8418,USD
917,Sylas Patise,9371,USD
918,Birk Pattinson,6286,CAD
919,Andy Dewfall,4701,USD
920,Kurtis Scogings,7453,CAD
921,Freddie Schrieves,1879,USD
922,Pearle Ilyenko,2334,USD
923,Nikki Bygrove,3237,USD
924,Carlen Spiaggia,6373,USD
925,Corrianne Larsen,7815,CAD
926,Yves Iwanczyk,6159,USD
927,Gregory Sally,6088,USD
928,Clerkclaude Rabidge,1781,USD
929,Marco Fancutt,1115,USD
930,Clarke Robart,4271,USD
931,Kariotta Bruyntjes,7019,USD
932,Antonino Elsom,9705,USD
933,Yuri Lippett,3299,CAD
934,Rhody Shevill,9799,USD
935,Melba Josham,9540,CAD
936,Basilio Libbe,5101,CAD
937,Marjie Raymond,5448,USD
938,Yank Paddington,9257,CAD
939,Tanner Gallego,5283,USD
940,Dannie Creaney,6780,CAD
941,Myrtie Stag,4554,USD
942,Michale Roscoe,4976,CAD
943,Lacey Impy,4497,USD
944,Saunder Croose,2026,CAD
945,Kristo Woodfin,4597,USD
946,Heywood Cowap,4153,CAD
947,Elli Abbot,3507,USD
948,Nedi Crittal,4548,CAD
949,Pavla Gansbuhler,7846,CAD
950,Tanny Etty,8754,CAD
951,Marcel Edlyne,8627,USD
952,Melisent Jacqueminet,5793,USD
953,Datha Kendell,8319,USD
954,Malory Pennicard,2183,CAD
955,Carly Newcombe,5104,CAD
956,Rollins Coldrick,5151,USD
957,Jarrid Pendrill,5854,CAD
958,Johnathon Florez,8845,USD
959,Pippa Alesbrook,8683,USD
960,Wilma Culy,1897,USD
961,Samuele Croston,9382,USD
962,Vanya Rosone,9837,USD
963,Tait O'Riordan,1312,USD
964,Rudy Iacovino,2807,USD
965,Arlin Alessandrucci,1309,USD
966,Merwyn Merryfield,2915,CAD
967,Dori Oak,3761,USD
968,Goldi Hartwell,6394,USD
969,Jessamine Scrymgeour,4294,CAD
970,Ephrem Goodoune,9303,CAD
971,Abbie Stode,7520,USD
972,Beverly Georges,8112,USD
973,Patrica Enns,5327,USD
974,Hyacinthe Rumbelow,5890,USD
975,Demetrius Di Roberto,7446,USD
976,Haroun Brookson,8574,USD
977,Conni Marvell,7132,CAD
978,Shirleen Madgewick,7055,USD
979,Jessalyn Perrington,4602,CAD
980,Orelia Woloschin,6344,USD
981,Ware Grazier,8774,USD
982,Thorstein Heathcote,8965,USD
983,Charmane Blondel,4779,USD
984,Jorge McDowell,3422,CAD
985,Sheridan Ledram,5041,USD
986,Gerti Ramelet,4058,USD
987,Antonella McKerlie,9776,USD
988,Cy Kuhnt,4188,USD
989,Franni Elders,6077,USD
990,Theressa Goodliff,2725,USD
991,Kath Doeg,2984,USD
992,Adiana Pretty,2453,USD
993,Lief McAlindon,3726,USD
994,Iver Okey,7593,CAD
995,Horton Noades,5266,USD
996,Donnajean Domonkos,9946,USD
997,Ottilie Leheude,8749,USD
998,Mei Frizell,7839,USD
999,Ewen Bartol,7118,CAD
1000,Renate Byard,7621,USD
